[
  {
    "model": "reporting.status",
    "pk": 1,
    "fields": {
      "name": "Contacted"
    }
  },
  {
    "model": "reporting.status",
    "pk": 2,
    "fields": {
      "name": "Prescreened"
    }
  },
  {
    "model": "reporting.status",
    "pk": 3,
    "fields": {
      "name": "Sourced"
    }
  },
  {
    "model": "reporting.status",
    "pk": 4,
    "fields": {
      "name": "SPIs"
    }
  },
  {
    "model": "reporting.status",
    "pk": 5,
    "fields": {
      "name": "OSs"
    }
  },
  {
    "model": "reporting.status",
    "pk": 6,
    "fields": {
      "name": "Offers Extended"
    }
  },
  {
    "model": "reporting.status",
    "pk": 7,
    "fields": {
      "name": "Offers Accepted"
    }
  },
  {
    "model": "reporting.status",
    "pk": 8,
    "fields": {
      "name": "Rejected"
    }
  },
  {
    "model": "reporting.requisition",
    "pk": 1,
    "fields": {
      "name": "Engineering"
    }
  },
  {
    "model": "reporting.requisition",
    "pk": 2,
    "fields": {
      "name": "Engineering"
    }
  },
  {
    "model": "reporting.requisition",
    "pk": 2,
    "fields": {
    "name": "Summer Intern"
    }
  },
  {
    "model": "reporting.requisition",
    "pk": 3,
    "fields": {
    "name": "Back-end"
    }
  },
  {
    "model": "reporting.requisition",
    "pk": 4,
    "fields": {
    "name": "Eng Manager"
    }
  },
  {
    "model": "reporting.requisition",
    "pk": 5,
    "fields": {
    "name": "Mobile"
    }
  },
  {
    "model": "reporting.requisition",
    "pk": 6,
    "fields": {
    "name": "Search"
    }
  },
  {
    "model": "reporting.requisition",
    "pk": 7,
    "fields": {
    "name": "Ads/Revenue"
    }
  },
  {
    "model": "reporting.requisition",
    "pk": 8,
    "fields": {
    "name": "Front-end"
    }
  },
  {
    "model": "reporting.requisition",
    "pk": 9,
    "fields": {
    "name": "Web Dev"
    }
  },
  {
    "model": "reporting.requisition",
    "pk": 10,
    "fields": {
    "name": "Product/Design"
    }
  },
  {
    "model": "reporting.requisition",
    "pk": 11,
    "fields": {
    "name": "PM - Consumer"
    }
  },
  {
    "model": "reporting.requisition",
    "pk": 12,
    "fields": {
    "name": "PM - Local Business"
    }
  },
  {
    "model": "reporting.requisition",
    "pk": 13,
    "fields": {
    "name": "PM - International"
    }
  },
  {
    "model": "reporting.requisition",
    "pk": 14,
    "fields": {
    "name": "PM - New Grad"
    }
  },
  {
    "model": "reporting.requisition",
    "pk": 15,
    "fields": {
    "name": "PM Intern Summer"
    }
  },
  {
    "model": "reporting.requisition",
    "pk": 16,
    "fields": {
    "name": "UI Designer"
    }
  },
  {
    "model": "reporting.requisition",
    "pk": 17,
    "fields": {
    "name": "UI Designer - New Grad"
    }
  },
  {
    "model": "reporting.requisition",
    "pk": 18,
    "fields": {
    "name": "UI Designer Intern"
    }
  },
  {
    "model": "reporting.requisition",
    "pk": 19,
    "fields": {
    "name": "Systems/IT"
    }
  },
  {
    "model": "reporting.requisition",
    "pk": 20,
    "fields": {
    "name": "Sys Infra Developer"
    }
  },
  {
    "model": "reporting.requisition",
    "pk": 21,
    "fields": {
    "name": "Release Eng"
    }
  },
  {
    "model": "reporting.requisition",
    "pk": 22,
    "fields": {
    "name": "Sys Admin (Corp)"
    }
  },
  {
    "pk": 22,
    "model": "auth.permission",
    "fields": {
      "codename": "add_logentry",
      "name": "Can add log entry",
      "content_type": 8
    }
  },
  {
    "pk": 23,
    "model": "auth.permission",
    "fields": {
      "codename": "change_logentry",
      "name": "Can change log entry",
      "content_type": 8
    }
  },
  {
    "pk": 24,
    "model": "auth.permission",
    "fields": {
      "codename": "delete_logentry",
      "name": "Can delete log entry",
      "content_type": 8
    }
  },
  {
    "pk": 4,
    "model": "auth.permission",
    "fields": {
      "codename": "add_group",
      "name": "Can add group",
      "content_type": 2
    }
  },
  {
    "pk": 5,
    "model": "auth.permission",
    "fields": {
      "codename": "change_group",
      "name": "Can change group",
      "content_type": 2
    }
  },
  {
    "pk": 6,
    "model": "auth.permission",
    "fields": {
      "codename": "delete_group",
      "name": "Can delete group",
      "content_type": 2
    }
  },
  {
    "pk": 10,
    "model": "auth.permission",
    "fields": {
      "codename": "add_message",
      "name": "Can add message",
      "content_type": 4
    }
  },
  {
    "pk": 11,
    "model": "auth.permission",
    "fields": {
      "codename": "change_message",
      "name": "Can change message",
      "content_type": 4
    }
  },
  {
    "pk": 12,
    "model": "auth.permission",
    "fields": {
      "codename": "delete_message",
      "name": "Can delete message",
      "content_type": 4
    }
  },
  {
    "pk": 1,
    "model": "auth.permission",
    "fields": {
      "codename": "add_permission",
      "name": "Can add permission",
      "content_type": 1
    }
  },
  {
    "pk": 2,
    "model": "auth.permission",
    "fields": {
      "codename": "change_permission",
      "name": "Can change permission",
      "content_type": 1
    }
  },
  {
    "pk": 3,
    "model": "auth.permission",
    "fields": {
      "codename": "delete_permission",
      "name": "Can delete permission",
      "content_type": 1
    }
  },
  {
    "pk": 7,
    "model": "auth.permission",
    "fields": {
      "codename": "add_user",
      "name": "Can add user",
      "content_type": 3
    }
  },
  {
    "pk": 8,
    "model": "auth.permission",
    "fields": {
      "codename": "change_user",
      "name": "Can change user",
      "content_type": 3
    }
  },
  {
    "pk": 9,
    "model": "auth.permission",
    "fields": {
      "codename": "delete_user",
      "name": "Can delete user",
      "content_type": 3
    }
  },
  {
    "pk": 13,
    "model": "auth.permission",
    "fields": {
      "codename": "add_contenttype",
      "name": "Can add content type",
      "content_type": 5
    }
  },
  {
    "pk": 14,
    "model": "auth.permission",
    "fields": {
      "codename": "change_contenttype",
      "name": "Can change content type",
      "content_type": 5
    }
  },
  {
    "pk": 15,
    "model": "auth.permission",
    "fields": {
      "codename": "delete_contenttype",
      "name": "Can delete content type",
      "content_type": 5
    }
  },
  {
    "pk": 25,
    "model": "auth.permission",
    "fields": {
      "codename": "add_requisition",
      "name": "Can add requisition",
      "content_type": 9
    }
  },
  {
    "pk": 26,
    "model": "auth.permission",
    "fields": {
      "codename": "change_requisition",
      "name": "Can change requisition",
      "content_type": 9
    }
  },
  {
    "pk": 27,
    "model": "auth.permission",
    "fields": {
      "codename": "delete_requisition",
      "name": "Can delete requisition",
      "content_type": 9
    }
  },
  {
    "pk": 28,
    "model": "auth.permission",
    "fields": {
      "codename": "add_status",
      "name": "Can add status",
      "content_type": 10
    }
  },
  {
    "pk": 29,
    "model": "auth.permission",
    "fields": {
      "codename": "change_status",
      "name": "Can change status",
      "content_type": 10
    }
  },
  {
    "pk": 30,
    "model": "auth.permission",
    "fields": {
      "codename": "delete_status",
      "name": "Can delete status",
      "content_type": 10
    }
  },
  {
    "pk": 31,
    "model": "auth.permission",
    "fields": {
      "codename": "add_statusvalue",
      "name": "Can add status value",
      "content_type": 11
    }
  },
  {
    "pk": 32,
    "model": "auth.permission",
    "fields": {
      "codename": "change_statusvalue",
      "name": "Can change status value",
      "content_type": 11
    }
  },
  {
    "pk": 33,
    "model": "auth.permission",
    "fields": {
      "codename": "delete_statusvalue",
      "name": "Can delete status value",
      "content_type": 11
    }
  },
  {
    "pk": 16,
    "model": "auth.permission",
    "fields": {
      "codename": "add_session",
      "name": "Can add session",
      "content_type": 6
    }
  },
  {
    "pk": 17,
    "model": "auth.permission",
    "fields": {
      "codename": "change_session",
      "name": "Can change session",
      "content_type": 6
    }
  },
  {
    "pk": 18,
    "model": "auth.permission",
    "fields": {
      "codename": "delete_session",
      "name": "Can delete session",
      "content_type": 6
    }
  },
  {
    "pk": 19,
    "model": "auth.permission",
    "fields": {
      "codename": "add_site",
      "name": "Can add site",
      "content_type": 7
    }
  },
  {
    "pk": 20,
    "model": "auth.permission",
    "fields": {
      "codename": "change_site",
      "name": "Can change site",
      "content_type": 7
    }
  },
  {
    "pk": 21,
    "model": "auth.permission",
    "fields": {
      "codename": "delete_site",
      "name": "Can delete site",
      "content_type": 7
    }
  },
  {
    "pk": 1,
    "model": "auth.user",
    "fields": {
      "username": "kylem",
      "first_name": "Kyle",
      "last_name": "Morrison",
      "is_active": true,
      "is_superuser": true,
      "is_staff": true,
      "last_login": "2012-03-15 16:22:13",
      "groups": [],
      "user_permissions": [],
      "password": "sha1$367a9$09a5f35ccd0a16ff2eddac3e54c9e4073a97c2ff",
      "email": "a@b.com",
      "date_joined": "2012-03-15 16:21:44"
    }
  },
  {
    "pk": 2,
    "model": "auth.user",
    "fields": {
      "username": "duncan",
      "first_name": "Duncan",
      "last_name": "Cook",
      "is_active": true,
      "is_superuser": true,
      "is_staff": true,
      "last_login": "2012-03-15 16:31:08",
      "groups": [],
      "user_permissions": [],
      "password": "sha1$3e4a9$499a0087d1fc639a36979d3979b1cb7be49f9266",
      "email": "",
      "date_joined": "2012-03-15 16:31:08"
    }
  },
  {
    "pk": 3,
    "model": "auth.user",
    "fields": {
      "username": "tianyu",
      "first_name": "Tianyu",
      "last_name": "Liu",
      "is_active": true,
      "is_superuser": true,
      "is_staff": true,
      "last_login": "2012-03-15 16:31:31",
      "groups": [],
      "user_permissions": [],
      "password": "sha1$96bea$426ef64b64e60440c442f154a852c9d703c9e464",
      "email": "",
      "date_joined": "2012-03-15 16:31:31"
    }
  },
  {
    "pk": 4,
    "model": "auth.user",
    "fields": {
      "username": "ashleykb",
      "first_name": "Ashley",
      "last_name": "King-Bischof",
      "is_active": true,
      "is_superuser": true,
      "is_staff": true,
      "last_login": "2012-03-15 16:31:46",
      "groups": [],
      "user_permissions": [],
      "password": "sha1$88950$f1e161e926c0262c71ee74479b7be028e7fdb537",
      "email": "",
      "date_joined": "2012-03-15 16:31:46"
    }
  },
 {
    "pk": 1,
    "model": "reporting.statusvalue",
    "fields": {
      "status": 1,
      "date": "2012-03-15",
      "req": 1,
      "user": 1,
      "value": 10
    }
  },
  {
    "pk": 2,
    "model": "reporting.statusvalue",
    "fields": {
      "status": 1,
      "date": "2012-03-15",
      "req": 1,
      "user": 2,
      "value": 12
    }
  },
  {
    "pk": 3,
    "model": "reporting.statusvalue",
    "fields": {
      "status": 4,
      "date": "2012-03-15",
      "req": 3,
      "user": 3,
      "value": 2
    }
  },
  {
    "pk": 4,
    "model": "reporting.statusvalue",
    "fields": {
      "status": 6,
      "date": "2012-03-15",
      "req": 5,
      "user": 4,
      "value": 100
    }
  },
  {
    "pk": 5,
    "model": "reporting.statusvalue",
    "fields": {
      "status": 3,
      "date": "2012-03-15",
      "req": 8,
      "user": 2,
      "value": 42
    }
  },
  {
    "pk": 6,
    "model": "reporting.statusvalue",
    "fields": {
      "status": 3,
      "date": "2012-03-15",
      "req": 8,
      "user": 3,
      "value": 54
    }
  },
  {
    "pk": 7,
    "model": "reporting.statusvalue",
    "fields": {
      "status": 7,
      "date": "2012-03-15",
      "req": 8,
      "user": 3,
      "value": 54
    }
  },
  {
    "pk": 8,
    "model": "reporting.statusvalue",
    "fields": {
      "status": 4,
      "date": "2012-03-15",
      "req": 4,
      "user": 4,
      "value": 4
    }
  },
  {
    "pk": 9,
    "model": "reporting.statusvalue",
    "fields": {
      "status": 1,
      "date": "2012-03-15",
      "req": 8,
      "user": 4,
      "value": 14
    }
  },
  {
    "pk": 1,
    "model": "reporting.userprofile",
    "fields": {
      "user": 1,
      "requisitions": [
        1,
        2,
        3,
        4,
        8,
        9,
        10,
        11,
        12
      ]
    }
  },
  {
    "pk": 2,
    "model": "reporting.userprofile",
    "fields": {
      "user": 2,
      "requisitions": [
        1,
        2,
        3,
        4,
        5,
        6,
        7,
        8,
        9,
        10,
        11,
        12
      ]
    }
  },
  {
    "pk": 3,
    "model": "reporting.userprofile",
    "fields": {
      "user": 3,
      "requisitions": [
        10,
        11,
        12
      ]
    }
  },
  {
    "pk": 4,
    "model": "reporting.userprofile",
    "fields": {
      "user": 4,
      "requisitions": [
        7,
        8,
        9,
        10,
        11,
        12
      ]
    }
  }
]